model,tau_junction_min,tau_loop_min,tau_facility_min
2-state,0.39979093322302117,7.953383669951582,
3-state,0.39977073168833527,5.252210579394096,50.47897106986997
