{
  "eps": 0.1,
  "n_obligations": 33,
  "n_failures": 9,
  "failure_rate": 0.2727272727272727,
  "ci95": [
    0.13299638871081487,
    0.4552384277607818
  ],
  "method": "Clopper-Pearson exact"
}