{
  "eps": 0.1,
  "n_obligations": 89,
  "n_failures": 2,
  "failure_rate": 0.02247191011235955,
  "ci95_hi": 0.05361638856462097
}