T_dew,F_kW,Ft30_kW,Ft15_kW,Ft30_uniform_kW
8.0,258.860142633586,0.0,0.0,0.0
10.0,258.860142633586,0.0,0.0,0.0
12.0,258.860142633586,0.0,0.0,0.0
14.0,258.860142633586,0.0,0.0,0.0
16.0,258.860142633586,0.0,0.0,0.0
18.0,233.70481705386703,0.0,0.0,0.0
20.0,208.54949147409764,0.0,0.0,0.0
22.0,183.39416589437343,0.0,0.0,0.0
24.0,158.23884031453267,0.0,0.0,0.0
26.0,132.7871682940947,0.0,0.0,0.0
