kappa,F_kW,Ft30_kW,Ft15_kW
0.1,258.860142633586,187.7048603210702,253.02764800976624
0.25,258.860142633586,155.40849827996752,251.58977381317695
0.4,258.860142633586,110.74549173768462,240.3892331727998
0.5,258.860142633586,80.97014095448874,184.7251598584985
0.65,258.860142633586,36.30711477969502,101.15741733778769
0.8,258.860142633586,0.0,0.0
1.0,258.860142633586,0.0,0.0
