kappa,F_kW,Ft30_kW,Ft15_kW,Ft30_eps05_kW
0.1,91.28235709864514,76.71834529420295,153.43669974679466,76.33874026103834
0.25,91.28235709864514,61.37429750221384,122.74859851654693,60.42528487934267
0.4,91.28235709864514,46.03024582413743,92.06049361138771,44.51182564966667
0.5,91.28235709864514,35.80087790056979,71.60175700794787,33.902852682481445
0.65,91.28235709864514,20.146436312336526,40.42595311171723,17.495585405377945
0.8,91.28235709864514,3.6327525422366467,7.307697158048997,0.36290567738662893
1.0,91.28235709864514,0.0,0.0,0.0
