scenario,controller,viol_max_K,shortfall,penalty,clips,switches,infeas
burst,B1,0.0,0.0,0.0,0.0,0.0,0.0
burst,B2,5.538026013257962,4.806908870520006,1.4599148701192561,10.0,0.8,0.8
burst,B4,0.0,0.0,0.0,11.0,1.0,1.0
consecutive,B1,0.0,0.0,0.0,0.0,0.0,0.0
consecutive,B2,2.644172286070514,1.0963282651404176,0.5810539805244213,10.0,0.6,0.6
consecutive,B4,0.0,0.0,0.0,11.0,1.0,1.0
dew_shift,B1,0.0,0.0,0.0,0.0,0.0,0.0
dew_shift,B2,4.075681158742611,3.606229014581609,0.871528159468528,10.0,1.6,1.2
dew_shift,B4,0.0,0.0,0.0,11.0,1.2,1.2
