scenario,controller,viol_max_K,shortfall,penalty,clips,switches,infeas
burst,B1,0.0,0.0,0.0,0.0,0.0,0.0
burst,B2,11.0367905380798,12.13755360703386,3.798075891547215,5.8,1.8,1.8
burst,B4,0.0,0.0,0.0,2.4,0.0,0.0
consecutive,B1,0.0,0.0,0.0,0.2,0.0,0.0
consecutive,B2,8.636881787869328,3.027552517908565,1.557467834815914,15.8,1.8,2.0
consecutive,B4,0.0,0.0,0.0,7.6,0.0,1.6
dew_shift,B1,0.0,0.0,0.0,0.2,0.0,0.0
dew_shift,B2,8.296239719058775,3.9587443569121445,0.6506550864861638,15.2,2.2,2.2
dew_shift,B4,0.0,0.0,0.0,7.2,0.0,1.0
