bin,cov_conditional,cov_pooled,cov_uniform,w_Q_kW,E_MJ,w_D_K
dry-calm,0.9405,0.9945,0.998,238.18903768745687,115.97083927537756,0.8184823432239104
dry-bursty,0.882,0.8755,0.961,262.35685421735707,227.91488320624674,1.0439357340623792
humid-calm,0.952,0.947,0.989,247.1897890921381,135.2382208768691,2.435058688120732
humid-bursty,0.916,0.845,0.9395,267.05366348927225,238.55771024015763,2.711839725537819
